Decade,Ratio
1970,2.633266055995446
1980,2.236632490834172
1990,2.408451898123394
2000,2.482467964161335
2010,2.443484136587206
2015,2.48614057051806